Mensagem,label_ids,label_names,LLM_CORRETO (S/N),OBSERVACAO_HUMANA
"*COBERTURA VACINAL E REDUÇÃO DE FILAS NA SAÚDE SÃO DESAFIOS DO GOVERNO*
https://campos24horas.com.br/noticia/cobertura-vacinal-e-reducao-de-filas-na-saude-sao-desafios-do-governo",0,Not misinformation,,
Vacine vc meu amigo pq eu não quero ter trombose estou muito bem sem tomar essa vacina feito em fundo de quintal e que tem brasileiro burro igual a vc se vc quer mora em um cemitério vá sozinho não convide ninguém blza fuiiiiiiiiiii 🤣🤣🤣🤣🤣🤣,"6.2,4.1","Specific Side Effects,Alarmism",,
O padre vacinado recentemente tomba e morre durante a transmissão ao vivo da Igreja. https://m.facebook.com/SoloEnAcapulco/videos/227452922544400/ @LaurenWitzkeOfficial,4.3,Correlation vs Causation,,
"Eu tomei cloroquina, 
Tomei os outros Remédios 


Já meu parente não tomou nenhuma vacina 

Então e muito relativo","1.1,3.1,3.2","Anecdotal Evidence,Alternative Products/Therapies,Alternatives to Vaccination",,
"Pega leve BOLSONARO, menos de um mês: MP do futebol DOAÇÃO bares e restaurantes aos pobres AUXÍLIO mais 3 meses  CNH pra 10 anos e 40 pontos ÁGUA para o Nordeste  VACINA para o Brasil",0,Not misinformation,,
"https://www.aboutfarma.com.br/secaomobile/saude/185/estudo-sugere-que-vacina-contra-a-dengue-pode-aumentar-casos-graves-da-doenca

*Achei! Tentativa fracassada de vacina da dengue em 2016.*","1.2,4.1","Outdated Research,Alarmism",,
Covid-19: Brasil supera EUA em proporção de vacinados com a 1ª dose ☛ https://terrabrasilnoticias.com/2021/10/covid-19-brasil-supera-eua-em-proporcao-de-vacinados-com-1a-dose/,0,Not misinformation,,
"*O esforço feito em junho de 2020 pelo Governo Jair Bolsonaro possibilitou ao Brasil ser, em breve, autossuficiente em produção de vacinas, já que produzirá também o insumo, tão escasso hoje no mundo.*  https://t.co/dreOHVW9g6",0,Not misinformation,,
"Aquela narrativa que diz que a vacinação diminuiu as mortes por Covid, desmontada em uma imagem.  Dados Worldmeter.","1.2,2.2","Outdated Research,Selective Reporting",,
Elielson Sidronio Portal do Suburbio   VACINA CONTRA A COVID-19 CHEGA PARA QUEM TEM 38 ANOS OU MAIS EM SALVADOR http://portaldosuburbio.com.br/noticias/vacina-contra-a-covid-19-chega-para-quem-tem-38-anos-ou-mais-em-salvador,0,Not misinformation,,
O LADRAO 9 DEDO DEFENDE O ISOLAMENTO PARA OS NAO VACINADOS,"2.3,4.1","Conspiracy,Alarmism",,
"Com nova remessa, Butantan entrega mais de 80% de vacinas previstas para abril https://webnewss.com.br/com-nova-remessa-butantan-entrega-mais-de-80-de-vacinas-previstas-para-abril/",0,Not misinformation,,
"*Cidades | Portal TeleLi* 🟦🟩🟥

- Confira os pontos de vacinação contra a Covid-19 neste sábado (1).

*Saiba mais, no link:* https://www.portalteleli.com.br/2023/04/01/manaus-oferta-nove-pontos-de-vacinacao-contra-a-covid-neste-sabado-1o/",0,Not misinformation,,
"A pergunta é: pra que serve essa droga de tal ""VACINA"" pra mim só serve para financiar ditadores COMUNISTAS, e partidos esquerdistas... Xanddy, do Harmonia do Samba testa positivo para Covid-19, mesmo o cara tomando as 3 doses da 💉 do veneno.","2.3,4.1,5.1","Conspiracy,Alarmism,Imperfect Protection",,
*Prefiro ser Demitido:* https://www.contrafatos.com.br/tecnico-de-futebol-do-estado-de-washington-se-recusa-a-tomar-vacina-e-se-demite/,0,Not misinformation,,
⛑️💉🥼  Ex funcionária do CDC  revela que os vacinados podem  ser conectados a um computador de inteligência artificial controlado pela Darpa e alerta para ninguém tomar essas vacinas.,"2.3,4.1,3.2","Conspiracy,Alarmism,Alternatives to Vaccination",,
Valor Econômico: Testes de vacina da Vaxart contra covid-19 têm resultado positivo. https://valor.globo.com/empresas/noticia/2020/04/21/testes-de-vacina-da-vaxart-contra-covid-19-tem-resultado-positivo.ghtml,0,Not misinformation,,
Covid: Curitiba amplia vacinação para pessoas com deficiência de 50 anos ou mais na terça (25) - https://lucianapombo.com.br/noticia/215/covid-curitiba-amplia-vacinacao-para-pessoas-com-deficiencia-de-50-anos-ou-mais-na-terca-25.html,0,Not misinformation,,
Essas vacinas tem que vacinar adulto que é mais vulnerável,6.4,High-Risk Groups,,
É #FAKE que primeira-ministra da Austrália fingiu tomar vacina https://ucsfm.com.br/e-fake-que-primeira-ministra-da-australia-fingiu-tomar-vacina/,0,Not misinformation,,
Alguém  aqui  do grupo tem o link do telegram  do anti vacina de Mato Grosso,0,Not misinformation,,
"Até pq eu ainda não pesquisei sobre a vacina da dengue q estão comentando, então eu não tenho como argumentar sobre algo q não faço ideia",0,Not misinformation,,
"*VAGAS PARA VACINAÇÃO DE CRIANÇAS DE 5 A 11 ANOS DESTA SEXTA PODEM SER PREENCHIDAS*
https://campos24horas.com.br/noticia/vagas-para-vacinacao-de-criancas-de-5-a-11-anos-desta-sexta-podem-ser-preenchidas",0,Not misinformation,,
"É golpe, fake news. Não ta liberado no Brasil ainda vacinação particular.",0,Not misinformation,,
Bozo só tem mortes nas costas por falta de uma dose de vacina a tempo de salvar vidas humanas esse cabra safado genocida criminoso fila da puta vagabundo,0,Not misinformation,,
Doria diz que vacina chinesa Coronavac será aplicada mesmo sem aval da Anvisa https://terrabrasilnoticias.com/2020/11/doria-diz-que-vacina-chinesa-coronavac-sera-aplicada-mesmo-sem-aval-da-anvisa/,0,Not misinformation,,
Bahia recebe primeiro lote da vacina da Pfizer | https://horadainfor.blogspot.com/2021/05/bahia-recebe-primeiro-lote-da-vacina-da.html,0,Not misinformation,,
Sim for vacina testadas e aprovadas com certeza. Mas vc confia a vc e família essas da covid AstraZeneca etc?,"1.4,4.1","Fallibility of Science,Alarmism",,
👆🏻Achavam que só a velha imprensa brasileira que passa vergonha? Quero ver vacina pra pandemia de hipocrisia da imprensa mundial. Tem que fazer escárnio dessa gente doente. Não tem outro jeito… 😂😂😂,0,Not misinformation,,
Acho que já estamos bem vacinado em saber que isso não funciona para ambos os lados,5.4,Low Disease Risk,,
Titia Silvia cadê a  máscara  titia  Silvia só  pode brincar o Carnaval  se tiver  vacinada titia Silvia,0,Not misinformation,,
"*AGENDAMENTO DE VACINAÇÃO PARA CRIANÇAS DE 5 A 11 ANOS DE QUINTA ABERTO*
https://campos24horas.com.br/noticia/agendamento-de-vacinacao-para-criancas-de-5-a-11-anos-de-quinta-aberto",0,Not misinformation,,
Minha funcionária da limpeza. Era hígida e morreu subitamente de pancreatite necrohemorragica. A única história relevante foi ter tomado a vacina para COVID 15 dias antes. Hoje contei essa história para o Presidente Bolsonaro,"1.1,4.3","Anecdotal Evidence,Correlation vs Causation",,
*Estudo quer entender reações alérgicas após vacina da Pfizer e Moderna contra covid*  https://www.aliadosbrasiloficial.com.br/noticia/estudo-quer-entender-reacoes-alergicas-apos-vacina-da-pfizer-e-moderna-contra-covid,0,Not misinformation,,
*Governo prevê 258 milhões de vacinas nos próximos meses*  http://plenone.ws/3hcJMkk,0,Not misinformation,,
Vai saber vacinas feitas com dna nunca testadas em humanos,"2.1,4.2","Fabricated Studies,Pseudoscientific Claims",,
Brasil recebe 1 milhão de doses da vacina Janssen  https://tvservidor.com.br/brasil-recebe-1-milhao-de-doses-da-vacina-janssen/,0,Not misinformation,,
"Terminou oficialmente o uso obrigatório de máscara e distanciamento social para VACINADOS nos Estados Unidos, contudo o ""teatrinho"" continua...😏",0,Not misinformation,,
"“Meia boca”: Coronavac tem apenas 78% de eficácia  Assim como todo produto ""xing ling"", a vaChina do Doria não é tão eficaz quanto as vacinas concorrentes... Fiasco!   https://portalnovonorte.com.br/?p=35203&amp=1",5.1,Imperfect Protection,,
"Boa noite com muita alegria e Paz AMIGOS.   Sugiro que leiam até o final, pois penso ser útil essa informação.  Repassem p seu familiares.   Eu NÃO tomarei quaisquer vacina de HOJE em diante.",4.5,Autonomy Rights,,
*ARVAC*: O que você precisa saber sobre a vacina da Argentina contra Covid-19: https://bit.ly/3o8Fli6,0,Not misinformation,,
GOVERNADOR BANDIDO DA BAHIA NAO VACINA SEUS FILHOS POIS SABE O RISCO E QUER OBRIGAR O FILHO DOS OUTROS A SE VACINAR    REBELE-SE CONTRA os GENOCIDAS... NAO OBEDEÇA   https://www.instagram.com/reel/CZUyuBGl1rh/?utm_medium=share_sheet,"2.3,4.1,4.5","Conspiracy,Alarmism,Autonomy Rights",,
Paraná faz acordo para produção de vacina Russa contra a Covid-19 https://terrabrasilnoticias.com/2020/08/parana-faz-acordo-para-producao-de-vacina-russa-contra-a-covid-19/,0,Not misinformation,,
"Bia Kicis mulher canalha, sem caráter. Enganando as crianças que a vacina iria mata-las.",4.1,Alarmism,,
"ESSA QUE É LEGAL TOMOU VACINA, E VIROU JACARÉ.👆🏻👆🏻👆🏻🤣🤣","6.1,4.1","Direct Transmission,Alarmism",,
"*AGENDAMENTO ONLINE E PRESENCIAL PARA VACINAÇÃO CONTRA COVID-19 NESTA TERÇA*
https://campos24horas.com.br/noticia/agendamento-online-e-presencial-para-vacinacao-contra-covid-19-nesta-terca",0,Not misinformation,,
Lugares onde será feita a vacinação,0,Not misinformation,,
Tô vacinado,0,Not misinformation,,
*DIA D DE VACINAÇÃO ANTIRRÁBICA PARA CÃES E GATOS EM 55 PONTOS NESTE SÁBADO* https://campos24horas.com.br/noticia/dia-d-de-vacinacao-antirrabica-para-caes-e-gatos-em-55-pontos-neste-sabado,0,Not misinformation,,
Comandante da Polícia Militar do DF é exonerado por furar fila da vacina https://www.correiobraziliense.com.br/cidades-df/2021/04/4915770-comandante-da-policia-militar-do-df-e-exonerado-por-furar-fila-da-vacina.html,0,Not misinformation,,
Existem várias vacinas para combater vários problemas. Não se pode generalizar.,0,Not misinformation,,
A Vacina do Governo do Brasil  *Fiocruz deve receber mais duas remessas de insumo para vacinas em maio*   https://portalnovonorte.com.br/fiocruz-deve-receber-mais-duas-remessas-de-insumo-para-vacinas-em-maio/,0,Not misinformation,,
"A Argentina é um grande exemplo, seguiram as regras no início, depois ficaram como se nada de vírus existisse... EUA e Europa idem... Não existe ‘segunda onda’, pois o vírus é o mesmo... Não há cura e nem vacina ...","1.4,4.2,5.4","Fallibility of Science,Pseudoscientific Claims,Low Disease Risk",,
O imbecil quer fazer o gado atacar quem recomenda vacinação infantil. É demais a idiotice.  https://www.metropoles.com/brasil/politica-brasil/bolsonaro-pedi-nomes-das-pessoas-que-aprovaram-vacinacao-de-crianca,"2.3,4.1","Conspiracy,Alarmism",,
Tanto que a retórica da esquerda foi que Bolsonaro demorou comprar vacina.,0,Not misinformation,,
"Muita coisa feia mesmo. A criança morreu , a mãe perdeu a criança e o bolsa família pois com a criança morta perde o direito. Por isso o Satanás quer vacinar as crianças na marra","2.3,4.1,6.2","Conspiracy,Alarmism,Specific Side Effects",,
"Naquela que só tem maconheiro e orgia, lá tem tanto que os principais estudos sobre vacinas saem de lá","2.3,4.1","Conspiracy,Alarmism",,
#ERRATA  https://piaui.folha.uol.com.br/lupa/2020/03/13/verificamos-cuba-vacina-novo-coronavirus/,0,Not misinformation,,
"Ô ""comandante"" o que você acha do Lula ter, em 6 meses, ter melhorado tanto o país a ponto de até um bando de negacionistas como vocês reconhecerem a importância das vacinas hein? E sem ter feito nenhuma campanha pra isso.",0,Not misinformation,,
*Exames no Detran-BA serão realizados mediante comprovação de vacinação contra a Covid-19* ⚠️ veja a notícia completa em: ✅ https://is.gd/hSvxMR 💬 Siga o BLOG DO GUSMÃO no Instagram! ✅ instagram.com/blog_do_gusmao,0,Not misinformation,,
Empregado que se recusa a vacinar contra covid-19 pode ser demitido por justa causa? https://www.jornaldoadvogado.com.br/noticia/11028/empregado-que-se-recusa-a-vacinar-contra-covid-19-pode-ser-demitido-por-justa-causa,0,Not misinformation,,
Importante você saber que ninguém pode te obrigar a ser  Vacinado. 🚨  Artigo 15 da Lei nº 10.406 de 10 de Janeiro de 2002.,4.5,Autonomy Rights,,
"Desgoverno deixa saúde à deriva.

https://ultimasnoticias.inf.br/noticia/sem-orientacao-federal-algumas-capitais-ja-aplicam-5a-dose-da-vacina-contra-a-covid/",0,Not misinformation,,
"_Vacina da OMS desencadeia casos de poliomielite no continente africano, conforme reconhece a própria organização._  https://criticanacional.com.br/2020/09/06/vacina-oral-da-oms-causa-surto-de-poliomielite-na-africa/","4.1,6.2","Alarmism,Specific Side Effects",,
Poliomielite voltou pq baixou a cobertura vacinal,0,Not misinformation,,
Gol começa a demitir funcionários não vacinados ☛ https://terrabrasilnoticias.com/2021/11/gol-comeca-a-demitir-funcionarios-nao-vacinados/,0,Not misinformation,,
Meu lindo. O mundo todo queria vacina vc acha que o mercado tinha vacina pra todo mundo no mesmo momento ? Uma vacina totalmente nova que até hoje ainda está em fase de teste.,"1.2,2.3,4.1","Outdated Research,Conspiracy,Alarmism",,
"Finalmente, uma vacina para curar o Brasil: LULAVAC..",0,Not misinformation,,
"Dr. Stanley Plotkin, uma das maiores autoridades mundiais em vacinas, trabalha numa das maiores gigantes farmacêuticas do mundo, a Sanofi Pasteur.",4.4,Financial Misconduct,,
*RIO DE JANEIRO FARÁ BUSCA ATIVA PARA VACINAR CRIANÇAS CONTRA COVID-19* https://www.campos24horas.com.br/noticia/rio-de-janeiro-fara-busca-ativa-para-vacinar-criancas-contra-covid-19,0,Not misinformation,,
Bozolóide sendo vacinado ! FDP 🤦🏽‍♂😜🤣🤣,0,Not misinformation,,
https://youtu.be/SizljDgYJHI    *As mentiras do Bozismo sendo rebatidas com conhecimento* .   👉 *Falsa narrativa bozista do repasse de bilhões aos Estados e vacinas!!!* 👈🏿,"2.3,4.1","Conspiracy,Alarmism",,
@556484065037 @559183441333 @5511987166541 @5514991680733 @5519991427535 @556984628048 para os tarados por vacina💉🤡🤣🤣😂😅,0,Not misinformation,,
A arma biológica não é o vírus da COVID. É a falsa vacina.,"2.3,4.1","Conspiracy,Alarmism",,
fiquei com uma dúvida agora comprar vacina é bom?,0,Not misinformation,,
A realidade é que Bolsonaro é um fracassado incapaz de organizar um simples cronograma de vacinação.,0,Not misinformation,,
@358401977747 Você se vacinou?,0,Not misinformation,,
O povo morrendo e esse fdt   negando a vacina,4.1,Alarmism,,
https://paulinia24horasnoticia.com/2021/02/06/jacare-e-encontrado-morto-na-avenida-ferdinando-viacava/        Primeira vítima da vacina chinesa! 🤣🤣🤣,"4.1,6.2","Alarmism,Specific Side Effects",,
O jornalista burra dos infiernod. o governo federal distribui a vacina agora cabe aos merdas dia governadora aplicarem a vacina,0,Not misinformation,,
*Justiça rejeita ação contra Rui e exigência de comprovante de vacina* https://politicaaovivo.com/justica-rejeita-acao-contra-rui-e-exigencia-de-comprovante-de-vacina/,0,Not misinformation,,
Porque essas vacinas já tem quem diga que é para matar e tem quem diga que é para mudar no DNA da pessoa e e fazer com que a pessoa se torne acessível a uma central🤔,"2.3,4.1,4.2","Conspiracy,Alarmism,Pseudoscientific Claims",,
Bom não é vacina mas sim croroquina,3.1,Alternative Products/Therapies,,
"Falei que apoia Bolsonaro, não a vacina",0,Not misinformation,,
Bolsonaro diz que vacina contra covid-19 causa AIDS: Entenda por que informação do presidente é mentirosa  *Confira aqui:* https://www.ultimasnoticiasdobrasil.com/2021/10/bolsonaro-diz-que-vacina-contra-covid.html *Compartilhe para todos*,0,Not misinformation,,
Deputada faz denúncia gravíssima; governadores estão escondendo as vacinas. Isso a * GLOBOLIXO * não divulga 👇👇,"2.3,2.4","Conspiracy,Censorship",,
UM PETRALHA DA #GLOBOLIXO FOI ENGANADO QUANTO A EFICÁCIA DA VACINA CHINESA,1.3,Poor Research Quality,,
NÃO DEIXE ESSE VÍDEO NO ESQUECIMENTO! NÃO TEMOS JUSTIÇA! Quase todos os dias!! Ocorrem mortes.   Provocadas pela vacina!!!        A MÍDIA  PODRE ABAFA!!!             SÃO  PAGAS.  Pra publicar apenas ao  que interessa as ESQUERDAS!!!,"2.3,2.4,4.1,6.2","Conspiracy,Censorship,Alarmism,Specific Side Effects",,
⭕ MUNDO   *EUA começam a vacinar crianças de 5 a 11 anos contra covid-19*   Leia mais 📲 https://oprimeiroportal.com.br/mundo/03/11/2021/eua-comecam-a-vacinar-criancas-de-5-a-11-anos-contra-covid-19/,0,Not misinformation,,
*E A SIÊNCIA???  Todos os Brasileiros infectados com Ômicron estavam plenamente  vacinados*      https://atrombetanews.com.br/2021/12/01/e-a-siencia-todos-os-brasileiros-infectados-com-omicron-estavam-plenamente-vacinados/,"2.2,5.1","Selective Reporting,Imperfect Protection",,
"Vejam o número d patente da vacina p covid-19, 060606 a marca d besta.😡😡😡😡😡😡",7.1,Viral Myths,,
"Por falta da vacina CoronaVac, a aplicação da 2ª dose está suspensa em Campos https://www.tribunanf.com.br/por-falta-da-vacina-coronavac-a-aplicacao-da-2a-dose-esta-suspensa-em-campos/",0,Not misinformation,,
BLOG DO JOÃO VITOR SANTOS   MUNICÍPIO DE COLINAS AVANÇA NA VACINAÇÃO CONTRA O CORONAVÍRUS   Veja tudo em:  https://blogdojoaovitorsantos.com.br/2021/07/13/municipio-de-colinas-avanca-na-vacinacao-contra-o-coronavirus/,0,Not misinformation,,
Médico que seria primeiro imunizado morre horas antes de receber vacina  *Confira aqui:* https://www.ultimasnoticiasdobrasil.com/2021/01/medico-que-seria-primeiro-imunizado.html *Compartilhe para todos*,7.1,Viral Myths,,
Com ou sem vacina,0,Not misinformation,,
Brasil avança em pesquisas de vacina contra o coronavírus https://revista.painelpolitico.com/brasil-avanca-em-pesquisas-de-vacina-contra-o-coronavirus/,0,Not misinformation,,
Mais uma vítima das vacinas milagrosas fajutas. Ela ficou cheia de coágulos na perna houve gangrena é perdeu á perna . Esse foi o custo dá imunização 😡😡😡😡💉💀💉💀💉💀💉💀💉💀💉😡😡😡😡,"4.1,6.2","Alarmism,Specific Side Effects",,
Já foram 10 anos de estudos e pesquisas das vacinas de soro????,1.3,Poor Research Quality,,
Vacina chinesa da Sinovac para Covid-19 não é eficiente em idosos    https://gazetabrasil.com.br/ciencia-e-tecnologia/vacina-chinesa-da-sinovac-para-covid-19-nao-e-eficiente-em-idosos/,5.1,Imperfect Protection,,
"Local construído pra alojar os não, vacinados oq te lembra?",4.1,Alarmism,,
"Eu queria que ele mandasse duas fotos, uma de cada braço sem a marquinha da BCG só para comprovar que ele não toma vacina",4.1,Alarmism,,
"É ...a gente tá vendo o depois, como ficou. E gente vacinada pegando Covid e muitos morrendo, com 2 doses, daqui a pouco 3, 5, 6... Foram as tais das variantes, todas com nomes chiques,  Delta, tem  Alpha? Se não, logo vai ter...","5.1,5.4","Imperfect Protection,Low Disease Risk",,
Taquiupariu. Tem que ir para um asilo.  https://aventurasnahistoria.uol.com.br/noticias/historia-hoje/atriz-fala-sobre-vacinas-da-coronavirus-nao-sou-cobaia.phtml,"1.1,4.5","Anecdotal Evidence,Autonomy Rights",,
"Sim, sim porém no momento temos todos os infectologistas, epidemiologistas e ciências focados na vacina...",1.3,Poor Research Quality,,
"Combate à Covid: Governo Bolsonaro distribui 1,1 milhão de doses da vacina da Pfizer hoje https://terrabrasilnoticias.com/2021/05/combate-a-covid-governo-bolsonaro-distribui-11-milhao-de-doses-da-vacina-da-pfizer-hoje/",0,Not misinformation,,
"✅ Defesa da vida, foco em saúde e combate à Covid. ✅ Milhões da vacinas encaminhadas. ✅ Auxílio Emergencial e + ações sociais. ✅ Programas de manutenção do emprego e da renda. ✅ Milhões de empresas e milhões de empregos preservados",0,Not misinformation,,
"Kkkkkkkkkkkkkkkkkkkkkk ""vacina causa autismo"" Hur dur'",7.1,Viral Myths,,
Agora vai vomeçar a nos estuprar pra tomar vacinas do cão,4.1,Alarmism,,
"Mesmo com vacina (que nao chegará a todos no tempo ideal) vai continuar morrendo, assim como gripe mata ate hoje","5.1,5.4","Imperfect Protection,Low Disease Risk",,
"""O primeiro ministro japonês assassinado não seguiu as ordens do Foro Econômico Mundial. Não obrigou as vacinas, devolveu 1.6 milhão de doses e deu ivermectina aos cidadãos.

Faz sentido agora?""","2.3,3.1,3.2","Conspiracy,Alternative Products/Therapies,Alternatives to Vaccination",,
"COMO CONFIAR NUMA VACINA PRODUZIDA POR UM PAIS COMUNISTA, ESPECIALISTA EM FRAUDAR TUDO, SÓ SENDO COMUNISTA TAMBÉM...","2.3,4.1","Conspiracy,Alarmism",,
Mas ele falou vacina,0,Not misinformation,,
Vídeo mostra ‘megaestrutura’ montada pelo exército para agilizar vacinação; ASSISTA https://terrabrasilnoticias.com/2021/04/video-mostra-megaestrutura-montada-pelo-exercito-para-agilizar-vacinacao-assista/,0,Not misinformation,,
Deu entender q vacinados morrem menos  foi isso q escreveu  🙄🙄🙄🙄🤭🤭🤭🤭😂😂🤣🤣😃,0,Not misinformation,,
"verdade  o  que  você  disse  Jair , e  É  O  CERTO  ser  anti  vacina  pois está  provado  que  a  "" vacina ""  contra  "" covid  ""  é  armadilha  contra  o  povo  pobre ,  DÁ  INFARTO  AVC  E  TROMBOSE .","2.3,4.1,6.2","Conspiracy,Alarmism,Specific Side Effects",,
São experimentais SIM! Tanto que há grupos em que a vacinação não é recomendado por conta dos efeitos colaterais!,"4.1,6.2","Alarmism,Specific Side Effects",,
Ele para de circular quando TODOS estiverem vacinados! Qual a sua dificuldade em entender isso???????????,0,Not misinformation,,
"*LULA DEVE TOMAR VACINA BIVALENTE CONTRA COVID NESTA SEGUNDA PARA DIVULGAR CAMPANHA*
https://campos24horas.com.br/institucional/blog-da-redacao",0,Not misinformation,,
Enquanto me haver escape pra mim não tomar essa vacina assim farei kkk,4.5,Autonomy Rights,,
"*Nova Era Dourada*
https://youtu.be/rhIzPWbNIBI

*STF DECRETA O FIM DA LEI 13.979/2020 Que elimina toda e qual OBRIGATORIEDADE sobre vacina/máscara/LOCKDOWN!*


💫🔰💫🔰💫🔰💫🔰💫","2.3,4.1,4.5","Conspiracy,Alarmism,Autonomy Rights",,
Vacina vai ser a mesma coisa. Nós temos que desenvolver a própria pra não ficar refém de outros países,2.3,Conspiracy,,
"Se vcs fossem terraplanistas , não tomaria uma vacina experimental, porque nós simplesmente usamos a cabeça...🤨","4.1,4.2","Alarmism,Pseudoscientific Claims",,
Cidade que vacinou em massa com Coronavac vê casos de Covid quase triplicarem em menos de um mês ☛ https://terrabrasilnoticias.com/2022/01/cidade-que-vacinou-em-massa-com-coronavac-ve-casos-de-covid-quase-triplicarem-em-menos-de-um-mes/,4.3,Correlation vs Causation,,
SÓ OS DESINFORMADOS OS PETISTAS OS IDIOTAS ÚTEIS OS ESQUERDISTAS COMUNISTAS E OS JORNALISTAS COMUNISTAS SÃO AFAVOR DA VACINA AINDA EM FASE DE TESTES,"1.3,4.1,4.2","Poor Research Quality,Alarmism,Pseudoscientific Claims",,
"Já começaram a vacinar as crianças!!! Que emoção, coisa mais linda 😍👏🏻👇🏻👇🏻👇🏻👇🏻",0,Not misinformation,,
"Após 1ª morte por varíola dos macacos, Brasil encomenda de 50 mil doses de vacina https://www.portaldacapital.com/2022/08/01/apos-1a-morte-por-variola-dos-macacos-brasil-encomenda-de-50-mil-doses-de-vacina/",0,Not misinformation,,
Só diz qual vacina você tomou e mudamos de assunto rsrs,0,Not misinformation,,
*CRIANÇA VACINADA MORRE DE COVID-19 EM PORTUGAL* Morte foi confirmada nesta segunda-feira por hospital de Lisboa.  *Confira:* https://novaiguacu24h.com.br/crianca-vacinada-morre-de-covid-19-em-portugal/,4.3,Correlation vs Causation,,
Despopulação por vacinação forçada: a solução de carbono zero! - 2011,"2.3,4.1,6.3","Conspiracy,Alarmism,Unsafe Administration",,
"Porque será que estão fazendo isso. SERÁ que esse líquido é água? SERÁ que é placebo???  QUEM for vacinar, p o r favor  prestem atenção ok","2.3,4.1","Conspiracy,Alarmism",,
"Como está as questões de cartões de vacina do ex presente, e fato ou e fake?",0,Not misinformation,,
Mas o próprio pazuelo falou vários números de doses e vacinas que não se confirmaram depois,1.3,Poor Research Quality,,
https://luizsalatino.com.br/testes-de-vacinas-contra-o-covid-19-dao-resultado-positivo/ #VacinaCovid19 #OMScomunista #VirusChines #CoronaVirusBrasil #Covid19 #CoronaVirus #BolsonaroTemRazao,"2.3,4.1,4.2","Conspiracy,Alarmism,Pseudoscientific Claims",,
Caiado quer o confisco de todas as vacinas e acusa Dória de usá-las como “barganha eleitoral” - https://www.jornaldacidadeonline.com.br/noticias/25336/caiado-quer-o-confisco-de-todas-as-vacinas-e-acusa-doria-de-usa-las-com-barganha-eleitoral,"2.3,4.4","Conspiracy,Financial Misconduct",,
*SAÚDE VAI ABOLIR INTERVALO PARA VACINAÇÃO CONTRA COVID-19 E GRIPE* https://campos24horas.com.br/noticia/saude-vai-abolir-intervalo-para-vacinacao-contra-covid-19-e-gripe,0,Not misinformation,,
Eu  minha andanças internet vi uma matéria que esse vírus está rodando a muito tempo em animais inclusive existe até vacina contra esse vírus em animais!!!,"1.1,4.2","Anecdotal Evidence,Pseudoscientific Claims",,
*Anvisa não libera vacinas aprovadas fora do país; médico cita burocracia*  https://www.cnnbrasil.com.br/saude/2020/12/30/anvisa-nao-libera-vacinas-aprovadas-fora-do-pais-medico-cita-burocracia,0,Not misinformation,,
*Dinamarca decide abandonar uso da vacina de Oxford* https://plenone.ws/3uNBHYW,2.2,Selective Reporting,,
Os pais só se empregavam se a carteira de vacinação das crianças estivesse em dia com todas as vacinas.,0,Not misinformation,,
Ministério da Saúde inclui grávidas no grupo prioritário de vacinação  https://tvservidor.com.br/ministerio-da-saude-inclui-gravidas-no-grupo-prioritario-de-vacinacao/,0,Not misinformation,,
"Pessoal,  Um absurdo o João Doria anunciando uma vacina da China... Ao vivo na Record News ! 🤦🏽‍♂️",4.1,Alarmism,,
"*Covid-19: Argentina autoriza aplicação de vacinas vencidas*
*O Comunismo e Socialismo não estão nem aí para a saúde do povo.*
*#COMPARTILHE*

*https://www.folhadapolitica.com/2022/07/covid-19-argentina-autoriza-aplicacao.html*","2.3,4.1","Conspiracy,Alarmism",,
Estou vacinada contra gente de caráter duvidoso!,0,Not misinformation,,
"Não somos obrigados a aceitar esta imposição sobre a vacina, eu tomei as duas doses, mas sempre questionando, não pretendo tomar reforço pois nunca vi tomar vacinas em espaço de tempo tão curto.","4.5,1.3","Autonomy Rights,Poor Research Quality",,
"Antes de você defender uma vacina (experimental, sim!),   escute Robert Wallace Malone, o criador da tecnologia mRNA da mesma.","1.2,2.3,4.1","Outdated Research,Conspiracy,Alarmism",,
Tem anti vacina por lá TB sempre eles,0,Not misinformation,,
"Teoria da Conspiração? Apenas repassando.  Se é verdade ou mentira, fica no íntimo de cada um... https://tierrapura.org/br/2021/03/22/trinta-por-cento-dos-vacinados-morrerao-dentro-de-tres-meses-diz-o-dr-sherri-tempenny/","2.3,4.1,6.2","Conspiracy,Alarmism,Specific Side Effects",,
"Deputados Estaduais de Goiás batem de frente com STF e proíbem vacina obrigatória no povo Goiano, parabéns Deputados ! Canal Giro de Notícias - Alberto Silva","2.3,4.1","Conspiracy,Alarmism",,
"O mineiro é povo sábio e honrado, que do PT já tá vacinado. 🚂🔺 #OrgulhoMineiro",0,Not misinformation,,
Tu já foi fazer teu cadastro para receber a vacina da China🇨🇳💉🐀🐁,4.1,Alarmism,,
"Eficácia de vacina da Pfizer diminuiu em 6 meses, para apenas 39%, segundo ministério da saúde de Israel - https://revista.painelpolitico.com/eficacia-de-vacina-da-pfizer-diminuiu-em-6-meses-para-apenas-39-segundo-ministerio-da-saude-de-israel/",5.1,Imperfect Protection,,
👏👏👏aqui a certeza que as vacinas e quem obriga a vacinação sou criminosos extragistas,"2.3,4.1,4.5","Conspiracy,Alarmism,Autonomy Rights",,
Acabei de ver q na Rússia o Putin mandou jogar fora todas as vacinas,2.1,Fabricated Studies,,
"MUDEM DE OPERADORA URGENTE!!! Mano tecnologia de localização em vacinas juntos com 5G, pesquisem😡☝️☝️☝️☝️👊👊👊🇧🇷","2.3,4.2,7.1","Conspiracy,Pseudoscientific Claims,Viral Myths",,
ELE QUE PAGUE A VACINA CHINES DELE. SERÁ QUE ELE PENSA QUE BOLSONARO É OTARIO COMO ELE ????? AINDA NÃO SABE QUE OS BRASILEIROS NÃO VAO TOMAR ESSA MALDITA VACINA ???? NOSSO PRESIDENTE TEM E TERÁ VACINA CONFIAVEL PARA TODOS OS BRASILEIROS.,"4.1,4.5","Alarmism,Autonomy Rights",,
Demissão por recusa à vacina da Covid-19 é legal? Veja o que dizem os especialistas   *confira aqui:* https://www.empregabilidadebrasil.com/2021/11/demissao-por-recusa-vacina-da-covid-19.html *compartilhe para todos*,0,Not misinformation,,
Variante Delta se espalha entre os vacinados  https://terrabrasilnoticias.com/2021/06/variante-delta-se-espalha-entre-os-vacinados/,5.1,Imperfect Protection,,
"O que eu acho incrível, é o pavor que Bolsonaristas possuem de tomar vacina. Devem ter medo de doar sangue, etc...",0,Not misinformation,,
"*LEMBRETE : As vacinas ainda estão em testes,todas elas e ainda vem mais por aí.."" Se as vacinas funcionam, porquê na Europa e outros países a doença está aumentando ??""","1.1,4.1,5.1","Anecdotal Evidence,Alarmism,Imperfect Protection",,
CCZ: Vacinação antirrábica neste final de semana no Jardim São Benedito https://www.tribunanf.com.br/ccz-vacinacao-antirrabica-neste-final-de-semana-no-jardim-sao-benedito/,0,Not misinformation,,
Excelente negócio esse de vacina hein ... 😁😁😁😁👍🏻✌🏻,0,Not misinformation,,
O desastre das vacinas!,4.1,Alarmism,,
Eu te disse: fica firme. Empresa não pode demitir empregado por justa causa por não apresentar o cartão de vacina.,0,Not misinformation,,
"Os cientistas quer controlar o vírus, achar a vacina, antes de gerar uma nova mutação.",2.3,Conspiracy,,
E a vacina tem chip,7.1,Viral Myths,,
"Desarmaram o povo na australia, agora é o governo, armado até os dentes, contra mulheres e crianças, sem a proteção dos seus maridos e pais. Neste caso a senhora de 60 anos foi colocada no camburão porque não apresentou carteira de vacinação.","2.3,4.1,6.3","Conspiracy,Alarmism,Unsafe Administration",,
"*Porque Durante Décadas Não se Pode Discriminar nas Empresas: Aidéticos, Tuberculosos, Usuários de Drogas, etc. e Hoje SE DISCRIMINA os NÃO VACINADOS ??* 🐁🐀🤮🤮🤮😡😡🙏🙌🇧🇷🇧🇷 https://youtu.be/SbxMg19tbvs 🇧🇷 *Espetáculo Alexandre Garcia* 👏🏿👏🏽👏🏻👏🏿👏🏽😍😍👏🏻🇧🇷✌️",4.5,Autonomy Rights,,
"antivax desinformadores burros, as pessoas deixam de se vacinar por causa das mentiras deles e acabam morrendo desnecessariamente",0,Not misinformation,,
"*Quase 7 milhões de doses bivalentes foram aplicadas na população. Veja quem pode se vacinar*

https://portaltocanews.com.br/noticia/9033/quase-7-milhoes-de-doses-bivalentes-foram-aplicadas-na-populacao-veja-quem-pode-se-vacinar",0,Not misinformation,,
*Justiça Federal determina que Ceará priorize vacinação de idosos – Publico A* https://publicoa.com.br/justica-federal-determina-que-ceara-priorize-vacinacao-de-idosos/,0,Not misinformation,,
Nova variante em Botswana Resistência a qualquer vacina Caiu a bolsa no mundo inteiro Agora já era Nasdac caiu Ibovespa caiu Caiu tudo  Estamos lascados,4.1,Alarmism,,
China iniciará testes clínicos de vacina contra coronavírus  - http://r7.com/x_3y,0,Not misinformation,,
😳 o médico não vai te pedir comprovante vacinal,0,Not misinformation,,
"Estou trabalhando direto, sem parar, desde que começou está pandemia, graças a Deus, precisamos da vacina más não com a urgência que estão pregando.",5.4,Low Disease Risk,,
"https://n.itaporamsnews.com.br/109567 / Para construir a nova vacina, os pesquisadores da USP colocaram uma proteína do novo coronavírus dentro de uma nanopartícula, criada a partir de um substrato natural.",0,Not misinformation,,
"Assinem pessoal Mesmo que vocês tenham se vacinado Não é pela vacina é pela nossa liberdade, hoje é isso, amanhã será o que?",4.5,Autonomy Rights,,
"Tá certo! Vou buscar seu comentário sobre essa pergunta. E postar, depois que atestei que és de esquerda venho arquivando suas respostas, igual falou da vacina que não é confiável","1.1,3.1","Anecdotal Evidence,Alternative Products/Therapies",,
e pros apoiadores fala pra nao tomar vacina e se curar com cloroquina,"3.1,3.2","Alternative Products/Therapies,Alternatives to Vaccination",,
E vão ter pais idiotas que vão dar a vacina,4.1,Alarmism,,
"O resultado de quem tomar a vacina,  espero que ñ seja esse, porque o Brasil é o único país q tem os voluntários,  nem lá na China, onde a vacina foi produzida,  num teve voluntários,  ou seja as cobaias","2.3,4.1,6.2","Conspiracy,Alarmism,Specific Side Effects",,
Este fdp incluiu aí vacinas boas( já testadas) e tb a Covid que é uma vacina assassina é perigosa.,"4.1,6.2","Alarmism,Specific Side Effects",,
Saúde começa a distribuir nesta terça vacinas contra Covid-19 para trabalhadores da educação: https://www.radiotamandare.com/noticias/brasil/688877/1,0,Not misinformation,,
"Enfermeira injeta vacina da gripe em vez de contraceptiva, mulher engravida e dá à luz bebê doente  *Confira aqui:* https://www.ultimasnoticiasdobrasil.com/2020/11/enfermeira-injeta-vacina-da-gripe-em.html *Compartilhe para todos*",7.1,Viral Myths,,
*Alexandre Frota quer impor passaporte da vacina nas eleições*  https://serido360.com.br/alexandre-frota-quer-impor-passaporte-da-vacina-nas-eleicoes/,2.3,Conspiracy,,
*Vacina para o coronavírus deve estar disponível no 1º semestre de 2021*  https://www.expressodosertao.com.br/saude/vacina-para-o-coronavirus-deve-estar-disponivel-no-1o-semestre-de-2021/,0,Not misinformation,,
O Brasil está de luto desde a época que morreram 600 mil pessoas por falta vacina,4.1,Alarmism,,
"O governador da Bahia, Maranhão, Piauí, é outros estados tbm já tem contrato de compra assinado da Sputnik, só esperando a liberação da vacina pela ANVISA, mas só o Bozo não pode comprar vacina. 🤦🏻‍♂️",2.3,Conspiracy,,
Vacina contra a gripe engravida jovem no assusta população; veja detalhes  *Confira aqui:* https://www.ultimasnoticiasdobrasil.com/2021/05/vacina-contra-gripe-engravida-jovem-no.html *Compartilhe para todos*,"4.1,6.2","Alarmism,Specific Side Effects",,
São Paulo preocupado com com atestado da vacinação,0,Not misinformation,,
Tuberculose hanseníase e várias outras doenças que já existe vacina e morre gente até hoje delas,5.1,Imperfect Protection,,
agora eu tomo a vacina - só que não,4.5,Autonomy Rights,,
"COINCIDÊNCIAS BIZARRAS NA ARGENTINA:   O médico afirma que ocorreram no período 48 mil mortes na por COVID, de um universo de  43 mil pessoas vacinadas CONTRA A COVID...  O apresentador encerra o programa do nada !!!!","2.2,4.3","Selective Reporting,Correlation vs Causation",,
"Governo encomenda 100 milhões de unidades da vacina de Oxford; 1º lote chega em dezembro  Ufa, nos livramos da vacina chinesa! https://link.conexaopolitica.com.br/Cui6saL9X7sfW5WJ9",0,Not misinformation,,
"A Verdade das Vacinas é o Que irá Acontecer com Nosso País,  o Vídeo é De quase uma Hora mais vai deixar bem claro o que Esta para Acontecer...",4.1,Alarmism,,
*Exército exige vacinação e proíbe que militares espalhem FAKE NEWS(Mentiras)*   https://www.metropoles.com/brasil/exercito-exige-vacinacao-e-proibe-que-militares-espalhem-fake-news,0,Not misinformation,,
Vacina é ciência. Negar isso ou ir contra é absurdo,0,Not misinformation,,
Eu vi nossa querida Carla Zambeli dizer que o nosso presidente já comprou mais de 600 milhões de vacinas e mais de 95 milhões destribuidas em todo país 😲,0,Not misinformation,,
"Lembrando que vírus gripais ou SARS, como queiram,existem as ondas ,que só é possível cessar com vacina e imunização.",0,Not misinformation,,
Manaus inicia vacinação de adultos entre 45 e 49 anos com doenças preexistentes https://terrabrasilnoticias.com/2021/04/manaus-inicia-vacinacao-de-adultos-entre-45-e-49-anos-com-doencas-preexistentes/,0,Not misinformation,,
Rogério Araujo - VACINA PARA TODOS (@LRoger_Arq) tweetou: “Vou lá na CPI defender o presidente!” https://t.co/PKbexGQjPA (https://twitter.com/LRoger_Arq/status/1392523510166261760?s=20),0,Not misinformation,,
imaginem qual vacina será usada no Brasil   https://www.tijolaco.net/blog/corrida-pela-vacina-e-corrida-pelos-bilhoes/,"2.3,4.4","Conspiracy,Financial Misconduct",,
"Isso é seríssimo, a vacina da covid 19 . Todas podem estar contaminadas 👇  https://youtu.be/-Hi5tKFISsU","4.1,6.1","Alarmism,Direct Transmission",,
Efeito colateral da vacina👆👆👆,6.2,Specific Side Effects,,
Ainda bem que aquela vacina russa não chegou aqui.,4.1,Alarmism,,
A vacina  do covid.,0,Not misinformation,,
E as vacinas  nas crianças. Deus  salva o teu POVO,7.2,Religious/Ethical Beliefs,,
"*Inchaço e sangramento no cérebro após vacina matou locutora da BBC, assegura legista.* https://revistaoeste.com/mundo/morte-de-locutora-da-bbc-se-deu-por-complicacoes-da-vacina-da-astrazeneca-assegura-legista/","4.3,6.2","Correlation vs Causation,Specific Side Effects",,
"Negativo. 
A pessoa que tem esse pensamento vai se vacinar e ""segundo a cabeça dela"" ficará imune.
O cara que não se vacinou não afetará essa pessoa!",5.2,Herd Immunity,,
Confira a lista de doença que passam a ser prioritárias na vacinação da Covid-19 https://accesscanal.com/Confiramistadeque-1793,0,Not misinformation,,
*Pfizer reconhece aumento de riscos de miocardite com vacinas de mRNA para COVID-19* - https://medicospelavidacovid19.com.br/noticias/pfizer-reconhece-aumento-de-riscos-de-miocardite-com-vacinas-de-mrna-para-covid-19/,"2.2,4.1,6.2","Selective Reporting,Alarmism,Specific Side Effects",,
"Segundo Esdras Prado, vai ter vacinação forçada esse mês 💉❓ Será?👇","2.3,4.1","Conspiracy,Alarmism",,
Pq a vacinação impede o agravamento da doença não a infeção,0,Not misinformation,,
Qual é a teoria da conspiração que você advoga contra a vacina?,0,Not misinformation,,
"☝️ *➡️ QUEM LACRA, NÃO LUCRA*

*Bar se envolveu em polêmica ao exigir vacina e declarar abertamente seus posicionamentos políticos na Internet e em sua fachada*

Via @profpaulamarisa

tribunapr.uol.com.br/noticias/curit…
☝️😉😉😉😉😉
Canal
@OsPatriotas🇧🇷",0,Not misinformation,,
"Acho que foi no começo  do surto da fraudemia, não poderia falar da vacina,  rede esgoto enviou seus teleprontos nas redes stablechment, eram vdd, mas não são de hj🤔","2.3,2.4,4.1","Conspiracy,Censorship,Alarmism",,
"Na casa de boldonaro a PF vai verificar o cartao de vacina dele , na casa do luladrao a PF vai atrás dos milhoes roubado , ainda levou o luladrao e largou ele comendo cadeia 580 dias kkkkkkkkkkkkkk",0,Not misinformation,,
*Tocantins ultrapassa 10% da população vacinada contra a Covid-19*  *_@NortedoTocantins_*  https://www.nortedotocantins.com.br/04/2021/tocantins-ultrapassa-10-da-populacao-vacinada-contra-a-covid-19/,0,Not misinformation,,
"💉 💉 💉URGENTE! As VACINAS chegam a Fortaleza-Ceará e NÃO TEM NINGUÉM do governo do PT para receber! Cidadão patriota do Aeroporto indignado. DIVULGUEM até doerem os dedos!🇧🇷🇧🇷🇧🇷 Esses petistas não prestam! Ô gente ruim, matando o povo pelo poder!!!","2.3,4.1","Conspiracy,Alarmism",,
"https://youtu.be/lclS3hyrta4  Cidade modelo em vacinação no Brasil, Serrana/SP, tem 100% ""imunizados"" com a primeira dose e 56% com a segunda dose, aumenta em caso de óbitos por COVID",4.3,Correlation vs Causation,,
*Vacina contra o coronavírus será obrigatória na Austrália* https://www.serido360.com.br/2020/08/vacina-contra-o-coronavirus-sera.html,0,Not misinformation,,
Bom dia. Confira as principais notícias da manhã desta quarta-feira (02)  *COVID-19*: Ritmo da vacinação no Brasil já foi mais rápido. O que explica a lentidão?: https://bit.ly/3i7KbqN,0,Not misinformation,,
🇧🇷💉 *Brasil é o 4° País que mais aplicou vacina contra o Covid-19 no planeta* 💉🇧🇷 https://www.amazonpresse.com.br/2021/05/brasil-ultrapassa-marca-de-60-milhoes.html,0,Not misinformation,,
Sim a vacina da iminunidade coletiva mas sem número alto de mortes.,5.2,Herd Immunity,,
Enquanto isso na fila da vacinação,0,Not misinformation,,
Já tomou sua vacina hoje ou vc tem medo de virar jacaré?,0,Not misinformation,,
"Acredito que ele fez esse anúncio porque o presidente na live de quinta-feira anunciou a vacina da Fiocruz, a mídia brasileira não deu o menor crédito ao anúncio do presidente,   aí ele correu para tentar se promover.","2.3,2.4","Conspiracy,Censorship",,
https://m.facebook.com/story.php?story_fbid=4506510196137338&id=100003352065350 Então quer dizer que a vacina está matando idosos? É isso? Compartilhem!,"4.1,6.2","Alarmism,Specific Side Effects",,
"*[PÚBLICO A SAÚDE] Covid-19: Brasil bate recorde de vacinas aplicadas em um dia: 1,7 milhão – Publico A* https://publicoa.com.br/publico-a-saude-covid-19-brasil-bate-recorde-de-vacinas-aplicadas-em-um-dia-17-milhao/",0,Not misinformation,,
Bolsonaro revela dados sobre vacinação irregular de crianças e manda duro recado; VEJA VÍDEO https://terrabrasilnoticias.com/2022/01/bolsonaro-revela-dados-sobre-vacinacao-irregular-de-criancas-e-manda-duro-recado-veja-video/,"2.3,4.1,6.3","Conspiracy,Alarmism,Unsafe Administration",,
Primeira criança vacinada em SP,0,Not misinformation,,
"E olha que ir no cinema é a coisa que eu mais amo fazer no mundo, tá muito difícil esses meses sem cinema, mas não dá não, só depois da vacina",0,Not misinformation,,
"Oh inteligente essa vacina nem foi comprada.
Os governadores ficaram com mais da metade do dinheiro que seria pra COVID.
VAI se informar BB","2.3,4.4","Conspiracy,Financial Misconduct",,
"Graças a estas palhaçadas de vocês, os pais estão com medo de vacinar seus filhos de outras doenças inclusive de vacinas que você tem",4.1,Alarmism,,
"Ce ve, o único laboratório de nível 4 da china, que mexe com vírus perigoso pra fazer vacinas de ebola, aids, variola e o k7 a 4 era em wuhan","2.3,4.1,7.1","Conspiracy,Alarmism,Viral Myths",,
Bayern de Munique vive crise com cinco jogadores que se recusam a tomar vacina contra Covid-19 https://noticiasdopassaro.com.br/bayern-de-munique-vive-crise-com-cinco-jogadores-que-se-recusam-a-tomar-vacina-contra-covid-19/,4.5,Autonomy Rights,,
Os petistas invadiram postos de saúde pra roubar vacinas no rio g norte  São todos petistas claro  Bolsonaristas  è que nao são,2.3,Conspiracy,,
China pede permissão à OMS para basicamente dominar o mundo -  Passaporte da Vacina,"2.3,4.1","Conspiracy,Alarmism",,
https://youtu.be/jC3Zl1WMBqg   --##  ESSA VACINA  EU TOMO ##--,0,Not misinformation,,
*POPULAÇÃO DE BOTUCATU* PEDE PRESENÇA DE BOLSONARO NA VACINAÇÃO EM MASSA DO DIA: 16 DE MAIO *VEM PRÁ BOTUCATU BOLSONARO* _Bóra Compartilhar para Viralizar e chegar no Presidente_   https://youtu.be/mIYh5B7F7jo,0,Not misinformation,,
AVISAR POVO BRASIL O QUE É VÍCIO SODOMIA?? ESTE AVISO É VACINA EFICIENTE  EFICAZ RESULTADO  VELOCIDADE LUZ ENERGIA NATURAL CONHECIMENTO VIDA  SALVADOR MESSIAS ESPERADO É AMOR.,"3.2,4.2,7.2","Alternatives to Vaccination,Pseudoscientific Claims,Religious/Ethical Beliefs",,
https://veja.abril.com.br/mundo/russia-recomenda-42-dias-sem-alcool-e-reclusao-apos-vacina/   42 dias sem álcool é complicado kkkkk,0,Not misinformation,,
100 milhões de vacinas.,0,Not misinformation,,
Veja esta matéria: https://www.portalsbn.com/artigo/adolescentes-serao-vacinados-junto-com-os-adultos-acima-dos-18-anos - É notícia? Tá no Portal SBN | Sistema Brasileiro de Notícias!,0,Not misinformation,,
"*OLHA A VACINA PARA EXTERMÍNIO DA  MUNDIAL... TODAS COM EXCESSO DE GRAFENO PRA CAUSAR EMBOLIA PULMONAR , TROMBOSE E INFARTO. MÍDIA PODRE FINANCIADA PELO ESQUEMA DA NOVA ORDEM MUNDIAL! 🙉 LAMENTÁVEL.*","2.3,4.1,4.4,6.2","Conspiracy,Alarmism,Financial Misconduct,Specific Side Effects",,
*Você colocaria seu filho de 3 anos como cobaia em um experimento?*  *Em Cariacica-ES irão vacinar 200 crianças a partir de 3 anos no próximo domingo (06).*    https://alexandrefernandes.substack.com/p/os-pequenos-ratinhos-de-laboratorio,"4.1,6.4","Alarmism,High-Risk Groups",,
*AGORA VAI!* Exército brasileiro começou a vacinar! https://www.facebook.com/watch/?v=198005298792451,0,Not misinformation,,
Vamos comprar seringas. Quando vamos ter vacinação se não temos nem isso?  https://noticias.uol.com.br/saude/ultimas-noticias/redacao/2020/12/16/ministerio-da-saude-abre-licitacao-para-compra-de-seringas-e-agulhas.htm,0,Not misinformation,,
Médicos dão parecer sobre vacinas para covid-19.,0,Not misinformation,,
https://www.instagram.com/tv/CPk4nscgSSn/?utm_medium=share_sheet *Cai narrativa sobre a entrada da vacina da Pfizer no Brasil*,0,Not misinformation,,
Bolsonaro Desmente FAKE NEWS de Doria Sobre a VaChina e Pazuello https://youtu.be/ES0QTVxjp3I,0,Not misinformation,,
Entendem porque o ladrão descondenado quer obrigar o povo a vacinar contra a Vchina e fazer teste tbm.?,"2.3,4.1","Conspiracy,Alarmism",,
*Anvisa autoriza testes clínicos com vacina para covid-19 no Brasil* https://www.itaberabaemfoco.com.br/noticia/2784/anvisa-autoriza-testes-clinicos-com-vacina-para-covid-19-no-brasil,0,Not misinformation,,
Estados que alegam estar “no limite” aplicaram apenas 60% das vacinas recebidas https://terrabrasilnoticias.com/2021/03/estados-que-alegam-estar-no-limite-aplicaram-apenas-60-das-vacinas-recebidas/,2.2,Selective Reporting,,
"E outra eu falei que ele deu autonomia prós estados e municipios a realizarem

Lockdown
E vacinação compulsório

Sendo que ele mesmo é contra as medidas da lei que ele sancionou",4.5,Autonomy Rights,,
"Passaporte da vacina passa a ser obrigatório no Ceará a partir de hoje, 22 https://www.portalr10.com/noticia/83972/passaporte-da-vacina-passa-a-ser-obrigatorio-no-ceara-a-partir-de-hoje-22",0,Not misinformation,,
POR ISSO QUE ELES QUEREM TODOS VACINADOS.. PRA FICAR COM A IMUNIDADE BAIXA TBM..!! SÓ BURRO NÃO PERCEBEU ISSO AINDA..!!,"2.3,4.1","Conspiracy,Alarmism",,
"omissão é prevaricação fechar o negócio das vacinas e empenhar o dinheiro p isso, co mpreço superfaturado e usando intermediário é corrupção ativa mesmo","2.3,4.4","Conspiracy,Financial Misconduct",,
"Obrigado governador Camilo Santana, por ter feito o que o genocida não fez....   Com a negociação de 6 milhões de doses de vacinas... Anvisa autorizou a vacina da SPUTNIK  V",0,Not misinformation,,
"*[PUBLICOA SAÚDE] Ministério da Saúde amplia vacinação contra gripe para todos com mais de 6 meses - Publico A*

https://publicoa.com.br/publicoa-saude-ministerio-da-saude-amplia-vacinacao-contra-gripe-para-todos-com-mais-de-6-meses/",0,Not misinformation,,
"O óxido de grafeno nas vacinas explica o tremendo impacto no sistema imunológico da pessoa, as propriedades magnéticas que surgem, e as pioras que ocorrem quando se ativarem as antenas 5G. Não é brincadeira isso!  NÃO TOMEM ESSA DESGRAÇA!","3.1,4.1,4.2,6.2","Alternative Products/Therapies,Alarmism,Pseudoscientific Claims,Specific Side Effects",,
Deputado Hélio Negão está internado com embolia pulmonar e Bolsonaro suspeita de vacina ☛ https://terrabrasilnoticias.com/2021/12/deputado-helio-negao-esta-internado-com-embolia-pulmonar-e-bolsonaro-suspeita-de-vacina/,4.3,Correlation vs Causation,,
Bora vacinar nossas criançada,0,Not misinformation,,
A vacina é muito importante para nosso sistema imunológico,0,Not misinformation,,
Galera vacina de q ??? Eu juro q estou perdido .....,0,Not misinformation,,
"apos vacinado 💉💉💉💉💉, mais uma coincidencia ??????  https://terrabrasilnoticias.com/2021/12/cantor-sertanejo-e-internado-apos-sofrer-tres-paradas-cardiacas/",4.3,Correlation vs Causation,,
"Depois que vacinam obrigatoriamente o ""Mundo todo"", começam a ""PROIBIR"" vacinas. E ainda dizem que a vacina não é EXPERIMENTAL. E viva a ciência FALSA deles. VENDEDORES de vacinas. Infelizmente enganaram multidões.","2.3,4.1,4.4","Conspiracy,Alarmism,Financial Misconduct",,
Muito triste  Mais vítimas todos os dias das Vacinas da Nova Ordem Mundial Demônios  Força PUTIN nestes Laboratórios de Armas Biológicas,"2.3,4.1,6.2","Conspiracy,Alarmism,Specific Side Effects",,
"Toma Ivermectina, essa é a nossa vacina👍",3.2,Alternatives to Vaccination,,
"*VACINAÇÃO PARA PESSOAS ACIMA DE 12 ANOS SEGUE NESTA TERÇA-FEIRA*
https://campos24horas.com.br/noticia/vacinacao-para-pessoas-acima-de-12-anos-segue-nesta-terca-feira",0,Not misinformation,,
O direito de ir e vir não podeir de encontro ao direito da saúde coletiva. Não se vacinar caracteriza um atentado à saúde pública por omissão.,4.5,Autonomy Rights,,
https://gbrj.net/noticia/4161  Tentaram impedir a liberação de informação que seria mantida secreta por 55 anos. O primeiro lote de documentos mostra mais de 1.200 mortes por vacinas dentro dos primeiros 90 dias.,"2.4,6.2","Censorship,Specific Side Effects",,
Diretora de ONG diz que escolas deveriam constranger os pais de filhos não vacinadas https://terrabrasilnoticias.com/2022/02/diretora-de-ong-diz-que-escolas-deveriam-constranger-os-pais-de-filhos-nao-vacinadas/,0,Not misinformation,,
"Vacina dos melicianos socialistas mercenarios capitlistas. 
Tudo mentira,  seguindo os encinamentos de STALIN.","2.3,4.1","Conspiracy,Alarmism",,
Estão pipocando relatos desse tipo. Há páginas no Instagram que dão voz as vítimas das vacinas  https://instagram.com/jab_injuries_newzealand?utm_medium=copy_link  https://instagram.com/jab_injuries_australia?utm_medium=copy_link,"1.1,2.2","Anecdotal Evidence,Selective Reporting",,
Vai nessa tomar essas vacinas.,0,Not misinformation,,
SFI receberá remessa de 14 mil seringas para a campanha de vacinação contra a COVID nesta terça (19) https://www.tribunanf.com.br/sfi-recebera-remessa-de-14-mil-seringas-para-a-campanha-de-vacinacao-contra-a-covid-nesta-terca-19/,0,Not misinformation,,
noticia para acalmar as pessoas vacina não se faz em 2 meses,0,Not misinformation,,
Vacina COVID-19= Experimentos em Cobaias Humanos. 💉🧫🦠🧬☠️,"2.3,4.1","Conspiracy,Alarmism",,
"https://interativaradioweb.com/noticias/brasil/549729/1 *Os secretários de Saúde, Florentino Neto, e de Educação, Ellen Gera, anunciaram na manhã desta quinta -feira (27) o início da vacinação.*",0,Not misinformation,,
"*VACINAS BIVALENTE E MONOVALENTE CONTRA COVID DISPONÍVEIS*
https://campos24horas.com.br/noticia/vacinas-bivalente-e-monovalente-contra-a-covid-19-disponiveis",0,Not misinformation,,
Chegou a VACINA 🖕,0,Not misinformation,,
Conheça um efeito colateral incomum da 3ª dose da vacina da covid  https://www.portalr10.com/noticia/88792/conheca-um-efeito-colateral-incomum-da-3o-dose-da-vacina-da-covid,6.2,Specific Side Effects,,
"Pandemia de corrupção de governadores e prefeitos. Aquela q esquerdista não se importa. Eles estão muito focados implorando por vacinas, que mal tem vontade de ver a roubalheira. 🐄","2.3,4.4","Conspiracy,Financial Misconduct",,
Tu é muito trouxa mesmo a China desenvolve uma vacina faz a primeira fase faz a segunda fase e na terceira fase que é o teste em humanos ela não vai fazer na China vai fazer em São Paulo o seu laboratório particular 🇨🇳💉🐁🐀🐁🐀🤣😂,"2.1,2.3,4.1","Fabricated Studies,Conspiracy,Alarmism",,
Anvisa autoriza estudo no Brasil de dose de reforço da vacina da Pfizer https://www.jornaldoadvogado.com.br/noticia/10369/anvisa-autoriza-estudo-no-brasil-de-dose-de-reforco-da-vacina-da-pfizer,0,Not misinformation,,
https://tercalivre.com.br/mesmo-com-recorde-de-vacinacao-no-chile-santiago-decreta-lockdown/?fbclid=IwAR2CP_ACInOxSsugqu52vfBrWNclnL_uSgun8M7PtagjzqGniA5iZFswMaw Agora a narrativa é ficar em casa e “vacinado”,5.1,Imperfect Protection,,
"As vacinas poderiam ser compradas, estavam na última fase de testes por cientistas do mundo inteiro, mas Bolsonaro é mais inteligente que todos os cientistas né","2.3,4.1","Conspiracy,Alarmism",,
"Claro! É como as vacinas para adultos: Tuberculose, H1N1, Tifo, Hepatite, Tétano NINGUÉM PODE OBRIGAR NINGUÉM A TOMAR NADA, NEM NU KUW! MAS DÓRIA QUER PORQUE APRECIA PICADAS PENETRANTES",4.5,Autonomy Rights,,
Vacina quem quer,0,Not misinformation,,
Bom pra muitos energúmenos esquerdistas que vivem dizendo que após vacinação o número de casos caiu...,1.3,Poor Research Quality,,
VEJA O REAL MOTIVO PORQUE BOLSONARO NÃO QUER A VACINA.  MAS O DESESPERO TOMA CONTA   https://youtu.be/IZxRkeVYZgg,2.3,Conspiracy,,
A solução é vacina no braço e panelaco na rua. É isso,0,Not misinformation,,
Como vc tá em Portuga? Eles exigem ser vacinado?,0,Not misinformation,,
Mas isso eu não preciso fazer porque não há um movimento contra a vacina.,0,Not misinformation,,
"Inútil dizer que é  cristão e defender armas, tortura, execucao,  cultuar o estupro,.zombar das mortes de covid, nao comprar vacina, oxigenio, cortar verbas de farmacia,  remedios, cáncer 
Voce é inutil ou é  má fé mesmo monstra?🤔",0,Not misinformation,,
IFNMG barra entrada de aluna sem comprovante da vacina https://pleno.news/brasil/cidades/ifnmg-barra-entrada-de-aluna-sem-comprovante-da-vacina.html,0,Not misinformation,,
Pesquisadores começam a testar vacina contra Alzheimer https://terrabrasilnoticias.com/2021/11/pesquisadores-comecam-a-testar-vacina-contra-alzheimer/,0,Not misinformation,,
A vacina já tem registro na Anvisa e está disponível nas farmácias,0,Not misinformation,,
Parabéns Bolsonaro pelas vacinas e milhões para os Estados que vc liberou,0,Not misinformation,,
"Vcs sabiam que a Cruz Vermelha Americana diz que você não pode doar plasma sanguíneo se tiver recebido a vacina, porque a vacina remove os anticorpos do corpo ! Tudo aparecendo conforme avisamos","2.1,4.2,7.1","Fabricated Studies,Pseudoscientific Claims,Viral Myths",,
"Seja via vacina, ou tendo o vírus",5.3,Natural Immunity,,
"A lei que aprovaria a compra da vacina só foi votada em 8 de março de 2021, só depois dessa lei sancionada que o governo pôde executar a compra.",0,Not misinformation,,
a culpa da morte dele e de todas as pessoas por covid foi desse presidente genocida filha da puta que teve oportunidade de comprar vacina e rejeitou,2.3,Conspiracy,,
"Você está indo contra a ciência como bode? Polícia Civil e Federal mediante laudos, exames, estudos, atestaram que não foi homicídio.  Se você acredita na ciência das vacinas Covid, não pode desacreditar na ciência da Polícia Federal. Rsss..",1.4,Fallibility of Science,,
"A CHINA CRIOU O VÍRUS,VENDEU AS MÁSCARAS, OS TESTES,OS RESPIRADORES E AGORA QUER VENDER A VACINA. ISSO É UM DEBOCHE!!! 🤬🤬🤬🤬🤬","2.3,4.4","Conspiracy,Financial Misconduct",,
90% dr vacinados,0,Not misinformation,,
🎯🎯🎯fato! As últimas já sabem o que vai acontecer. Lembrando que os profissionais da educação não estão no grupo prioritário de vacinação.  Mas o capiroto quer colocar caminhoneiros para servir de moeda se troca contra uma possível greve.,"2.3,4.1","Conspiracy,Alarmism",,
Pregam vacinas como o milagre absoluto e rechaçam qualquer tipo de tratamento que vem dando certo para outros,"1.3,3.1","Poor Research Quality,Alternative Products/Therapies",,
"Bom, 65% de vacinados nao garante imunidade de rebanho. E eu rebato te perguntando pq que nos EUA e em ISRAEL a vacina funciona?","5.2,4.3","Herd Immunity,Correlation vs Causation",,
*VAI SER A DA CHINA:* Governo brasileiro vai usar vacina chinesa contra covid-19 no SUS  https://ecosdanoticia.net.br/2020/10/20/governo-brasileiro-vai-usar-vacina-chinesa-contra-covid-19-no-sus/,0,Not misinformation,,
"https://tribunanacional.com.br/noticia/5131/putin-ordena-a-destruicao-de-todas-as-vacinas-covid-19-na-russia#.ZAi0greXu9I.telegram
Putin ordena a destruição de todas as vacinas Covid-19 na Rússia",2.1,Fabricated Studies,,
"Nada justifica  obrigar  as crianças  tomar essa vacina experimental, criança  não  pega esse vírus,  esse cidadão  é  capacho   da china, não  tem outra explicação.","4.1,4.2,5.4,6.4","Alarmism,Pseudoscientific Claims,Low Disease Risk,High-Risk Groups",,
COMO SÃO REALIZADOS OS ABORTOS PARA O USO DOS FETOS NA FABRICAÇÃO DE VACINAS E PELAS INDÚSTRIAS COSMÉTICA E ALIMENTÍCIA.,"2.1,2.3,4.1","Fabricated Studies,Conspiracy,Alarmism",,
Esse vagabundo junto com o STF vai tentar a compra dessas vacinas e  não duvidem se eles autorizarem,"2.3,4.4","Conspiracy,Financial Misconduct",,
"ÚLTIMO MINUTO: Vacina contra Covid-19 será anual e obrigatória para crianças, anuncia Governo Lula https://terrabrasilnoticias.com/2023/10/ultimo-minuto-vacina-contra-covid-19-sera-anual-e-obrigatoria-para-criancas-anuncia-governo-lula",4.1,Alarmism,,
"Se a vacina é segura, pq já estão se precingindo de processos judiciais futuros? Eu que não tomo esse negócio 😂   https://www.frontliner.com.br/vacina-da-astrazeneca-obtem-imunidade-contra-acoes-judiciais/","2.3,4.1","Conspiracy,Alarmism",,
Onyx diz que governo recorrerá ao STF para derrubar decisão de Barroso sobre vacinação    http://blogdocafezinho.com.br/2021/11/13/onyx-diz-que-governo-recorrera-ao-stf-para-derrubar-decisao-de-barroso-sobre-vacinacao/,0,Not misinformation,,
Eu farei mesmo sem escape Não é vacina É uma arma biológica de genocidio jamais vista,"2.3,4.1","Conspiracy,Alarmism",,
E ainda tem uma coisa que estamos estudando a respeito da vacina BCG,0,Not misinformation,,
"33 anos e ja tinha sido vacinada, como se só foeam vacinados idosos e medicos da linha de frente",5.4,Low Disease Risk,,
"Vacina é tratamento precoce tem.que andar juntas,  as duas ajudam na  proliferação do vírus no organismo...agora só defender a vacina, me desculpa, quem pensa assim está sendo conivente com as picaretagens dos protocolos fajutos da OMS","2.3,4.1,4.2","Conspiracy,Alarmism,Pseudoscientific Claims",,
AGORA - Biden fará tudo ao seu alcance para ajudar o FDA a aprovar vacinas para crianças menores de 5 anos. Como é que chama mesmo? Infanticídio??,4.1,Alarmism,,
"*LIBERADO AGENDAMENTO PARA VACINAÇÃO CONTRA A COVID-19 DE CRIANÇAS DE 03 A 11 ANOS*
https://campos24horas.com.br/noticia/liberado-agendamento-para-vacinacao-contra-a-covid-19-de-criancas-de-03-a-11-anos",0,Not misinformation,,
É? Se a vacina não é confiável então pq tá morrendo só os não vacinados?,0,Not misinformation,,
Vacina brasileira contra a Covid-19 é aplicada pela primeira vez https://terrabrasilnoticias.com/2022/01/vacina-brasileira-contra-a-covid-19-e-aplicada-pela-primeira-vez/,0,Not misinformation,,
Governador Flávio Dino é vacinado contra a Covid-19 https://maranhaodinamico.com.br/governador-flavio-dino-e-vacinado-contra-a-covid-19/,0,Not misinformation,,
Povo morrendo de afixia por falta de vacina que não veio por conta de propina,"2.3,4.4","Conspiracy,Financial Misconduct",,
"https://ndmais.com.br/saude/grande-florianopolis-tem-7-cidades-com-mais-de-30-vacinados-contra-covid-19-veja-lista/  Esse número é para primeira dose. Prá quem ficou com saudades, *Rancho Queimado está na lista* .",0,Not misinformation,,
"*SAÚDE MANTÉM APLICAÇÃO DAS VACINAS PARA PESSOAS ACIMA DE 12 ANOS*
https://campos24horas.com.br/noticia/saude-mantem-aplicacao-das-vacinas-para-pessoas-acima-de-12-anos",0,Not misinformation,,
"Janessen  16,9 Milhões de dose da vacina janessen  Setembro de 2021  Julho a setembro 1 Milhões de dose da Vacina moderna",0,Not misinformation,,
Veja esta matéria: https://www.portalsbn.com/artigo/confira-o-calendario-da-semana-para-dose-2-da-vacina-contra-covid-19-para-idosos-com-mais-de-75-anos-e-trabalhadores-da-saude - É notícia? Tá no Portal SBN | Sistema Brasileiro de Notícias!,0,Not misinformation,,
Mais vacina mais infecções,4.3,Correlation vs Causation,,
Tem que acelerar as vacinas,0,Not misinformation,,
👏👏👏 https://noticias.uol.com.br/ultimas-noticias/agencia-estado/2021/04/09/raiadrogasil-doa-r-5-milhoes-ao-movimento-unidos-pela-vacina.htm,0,Not misinformation,,
"Vacinação trava nos EUA, mas mortes caem 93% no feriado nacional https://webnewss.com.br/vacinacao-trava-nos-eua-mas-mortes-caem-93-no-feriado-nacional/",2.2,Selective Reporting,,
O alienado em questão e que apoia afronta as instituições bate em enfermeiras jornalista é contra as vacinas apoia milícias,0,Not misinformation,,
"Vacina então, vai tomando um veneno que pode matar!Já pessou quantas pessoas que morreram mesmo vacinadas? Essa Vacina é feita para matar o povo, o próprio criador da Vacina não aconselha!","2.3,4.1,6.2","Conspiracy,Alarmism,Specific Side Effects",,
Quem for tomar vacina tem que ser assim 😅,0,Not misinformation,,
"Maldita PF!,  O Messias é inbestiGADO🐄 e será julGADO🐄. Só por causa da carteira de vacinação.",2.3,Conspiracy,,
"Pra quem tomou a vacina, o protocolo é tomar 30 dias sem parar, 1 UM comprimido de ivermectina por dia.",3.1,Alternative Products/Therapies,,
Matérias sobre os riscos da vacina.👆👆,4.1,Alarmism,,
"🚨Sean Muldoon, homem de 43 anos, recebeu uma vacina mRNA contra a COVID, dez dias depois teve fortes dores abdominais, sete dias depois os médicos removeram mais de um metro e oitenta de seu intestino delgado por causa de um grande coágulo sanguíneo.","6.2,4.3","Specific Side Effects,Correlation vs Causation",,
"https://en.m.wikipedia.org/wiki/WI-38

Fetos abortados nas vacinas!","4.1,7.1","Alarmism,Viral Myths",,
"Em conversa com apoiadores no Palácio da Alvorada, o presidente Jair Bolsonaro criticou a judicialização da vacina e disse que não cabe a um juiz determinar se alguém deve ou não ser imunizado",4.5,Autonomy Rights,,
O Brasil vai ser um dos países que mais vai se dar bem pq tem produções próprias de várias vacinas,0,Not misinformation,,
"*Bolsonaro: Vacina não é questão de Justiça, mas de Saúde*  Estamos com você, Presidente. Chega de ativismo judicial  https://portalnovonorte.com.br/?p=31570&amp=1",0,Not misinformation,,
Avião com 2 milhões de doses da vacina de Oxford chega ao Brasil https://www.diariodepernambuco.com.br/noticia/brasil/2021/01/aviao-com-2-milhoes-de-doses-da-vacina-de-oxford-chega-ao-brasil.html#.YAtAe008iR0.whatsapp,0,Not misinformation,,
Professor veste camisa contra Bolsonaro e é barrado em vacinação em quartel – PODER AO POVO https://poderaopovo.com/professor-veste-camisa-contra-bolsonaro-e-e-barrado-em-vacinacao-em-quartel/,2.3,Conspiracy,,
Pena que vc tem uma grande possibilidade de não participar das próximas eleições afinal vc disse que não vai tomar vacina,4.1,Alarmism,,
"PORQUÊ A MÍDIA NÃO MOSTRA O NÚMERO DE VACINADOS COM 2 DOSES ,QUE MESMO ASSIM  FORAM INFECTADOS , OUTROS INTUBADOS,OUTROS MORRERAM ?? VACINAS NÃO SÃO MUITO EFICASES","2.2,5.1","Selective Reporting,Imperfect Protection",,
"Eu iria tomar de qualquer maneira, esqueceu que eu sempre falei a favor da vacina e tirando sarro de quem é contra  O amiguinho bolsominion é que não vai pq ele acha conspiração",0,Not misinformation,,
Acho que eles fingem que estão sendo vacinados.,2.3,Conspiracy,,
"*CARDOSO MOREIRA: VACINAÇÃO CONTRA A COVID-19 NESTA QUARTA-FEIRA*
https://campos24horas.com.br/noticia/cardoso-moreira-vacinacao-contra-a-covid-19-nesta-quarta-feira",0,Not misinformation,,
"💣 *CGU retira sigilo do cartão de vacina de Bolsonaro*

 https://www.politicajp.com.br/noticia/12672/cgu-retira-sigilo-do-cartao-de-vacina-de-bolsonaro",0,Not misinformation,,
"DESCULPEM-ME, MAS COMPROVANTE VACINAL O CACETE, CAI FORA DESSA👏🏻👏🏻👏🏻👏🏻",4.5,Autonomy Rights,,
Só não.tomo vacina por falta de coragem,0,Not misinformation,,
Quem compra as vacinas? Quem escreve os decretos?,2.3,Conspiracy,,
Parabéns à enfermeira que conseguiu vacinar Rita Lee sem acertar o osso !,0,Not misinformation,,
https://noticias.r7.com/saude/oms-analisa-nova-variante-que-tem-potencial-para-escapar-de-vacinas-01092021  Vacinas experimentais de emergência em plena pandemia... Ahã!,"1.3,4.1","Poor Research Quality,Alarmism",,
"Novas Variantes , aumento de circula e graças ao presidente jumento negacionista lentidão na vacinação",2.3,Conspiracy,,
"Nao vacinei, vários amigos, vizinhos e familiares, não aceitamos servir de cobaia, não somos ratos de laboratório!","1.1,4.5","Anecdotal Evidence,Autonomy Rights",,
"https://glo.bo/3qwze2U  Pois é,  quando o mito rejeitou a compra das vacinas da Sinovac e não atendeu a proposta da Pfizer concluiu  e assinou o diploma de Genocida.👉🏻👌🏻😎🇧🇷🔥🔥🔥","2.3,4.1","Conspiracy,Alarmism",,
"Não caia nessa, omicron não  existe, é uma variante da própria vachina. Quando tomar a terceira dose vai aparecer outras complicações da própria vachina. Vão sugerir a quarta dose e aí por diante. O melhor é nenhuma dose.","2.1,4.1,6.2","Fabricated Studies,Alarmism,Specific Side Effects",,
"*Você tem um amigo ou parente imbecil que não acredita na Ivermectina, mas crê nas vacinas Pfizer e CORONAVAC?*
*Diz que Bolsonaro não comprou vacina, mesmo tendo tomado 5 doses?*
*Já pegou COVID 3 vezes, e culpa os não vacinados?*","3.1,3.2,4.1,4.2,5.3,6.2","Alternative Products/Therapies,Alternatives to Vaccination,Alarmism,Pseudoscientific Claims,Natural Immunity,Specific Side Effects",,
Paciente com trombose no seio venoso proveniente da vacina.,6.2,Specific Side Effects,,
🌩  By Rafapal    Problema:   Como convencer os não vacinados de que as vacinas funcionam ... e ao mesmo tempo explicar aos vacinados para tomar a terceira dose porque as vacinas não funcionam.    Você tem 4 horas 😂😂🤣🤣,5.1,Imperfect Protection,,
"Eu vi muito isso em sites de esquerda. O Bolsonaro pagou a todos para ir a manifestação, para receber 150, mais uma vacina infalível para covid-19. Ninguém que foi vai pegar.  😝","2.3,4.1,4.4","Conspiracy,Alarmism,Financial Misconduct",,
👇👇👇👇👇👇👇👇👇👇👇👇👇👇👇👇👇👇🙏🙏🙏🙏🙏🙏🙏🙏🙏🙏🙏🙏🙏🙏🙏🙏🙏🙏.     VEJAM QUE BENÇÃO QUE DEUS NOS ENVIOU.................PODE SALVAR MUITAS VIDAS DE QUEM TOMOU  A VACINA !!!,0,Not misinformation,,
"AGORA O POVO VAI FICAR CONTENTE! TÁ CHEGANDO AS VACINAS DA PFEIZER QUE PRECISAM SER ESTOCADAS A 80 GRAUS NEGATIVOS,KKK QUERO SABER QUANTAS DESSAS DOSES IRÃO ESTRAGAR POR MAL ARMAZENAMENTO,KKK",4.1,Alarmism,,
SE A VACINA FOSSE BOA  NÃO PRECISAVA SER FORÇADA NAS PESSOAS! OS LABORATÓRIOS ESTÃO LUCRANDO BILHÕES!,"2.3,4.4","Conspiracy,Financial Misconduct",,
"ISSO AQUI E PROVA CABAL DE UM CRIME,  LULA NUNCA FOI VACINADO E FIZERAM UM CARTÃO FALSO PARA ELE,  NÓS O POVÃO SOMOS OBRIGADOS POR ESSES NAZISTAS E COMUNISTAS A TOMAR ESSE VENENO EM NOSSOS CORPOS.....","2.3,4.1,4.4","Conspiracy,Alarmism,Financial Misconduct",,
*Governo Bolsonaro compra todo o estoque das vacinas Pfizer e Johnson & Johnson disponíveis no mercado* 👇🏼 https://www.noticiasdebrasilia.com/2021/03/governo-bolsonaro-compra-todo-o-estoque.html,0,Not misinformation,,
"Vacina para mim, cloroquina para o gado, talquey? Kkkk",3.1,Alternative Products/Therapies,,
O problema é ganhar dinheiro da saúde pra fazer campanha anti vacina e tratamento precoce.,"2.3,4.4","Conspiracy,Financial Misconduct",,
"Não podemos subestimar Bill Gates, nem a tecnologia, os vírus criados em laboratório, as vacinas que alteram o DNA","2.3,4.1,4.2","Conspiracy,Alarmism,Pseudoscientific Claims",,
Nenhuma dessas vacina serve pra variante DELTA que tanto falam. Pra que diacho que eu vou tomar uma vacina pra um vírus que eu já tive contato foi vivinho da Silva 😂🤣😂,"5.3,5.4","Natural Immunity,Low Disease Risk",,
*[PÚBLICO A SAÚDE] Quanto tempo dura a proteção das vacinas contra a Covid-19? – Publico A* https://publicoa.com.br/publico-a-saude-quanto-tempo-dura-a-protecao-das-vacinas-contra-a-covid-19/,0,Not misinformation,,
sabe qual o estrago que esses negacionistas arrumarar? esta encalhado o estoque de vacinas para poliomelite no Brasil,2.3,Conspiracy,,
O 5 País que mais VACINOU👏🏻👏🏻👏🏻,0,Not misinformation,,
"AOS IMBECÍS, ESCUTEM A DRA GADELHA SOBRE AS VACINAS!
https://t.co/2OAFQRUjue",0,Not misinformation,,
Cidade que vacinou em massa com Coronavac tem 300% de aumento de casos da Covid https://www.grandeponto.com.br/noticia/cidade-que-vacinou-em-massa-com-coronavac-tem-300-de-aumento-de-casos-da-covid#.YaUSMTCRO6c.whatsapp,4.3,Correlation vs Causation,,
Estou aqui tentando entender de quem é a culpa. Quem enviou as vacinas vencidas ou quem recebeu e não observou a data de validade.,6.3,Unsafe Administration,,
*Governo Bolsonaro já distribuiu mais de 50 milhões de vacinas*  *https://www.folhadapolitica.com/2021/04/governo-bolsonaro-ultrapassa-50-milhoes.html?m=1*,0,Not misinformation,,
